<?xml version="1.0" encoding="UTF-8"?>
<project-private xmlns="http://www.netbeans.org/ns/project-private/1">
    <editor-bookmarks xmlns="http://www.netbeans.org/ns/editor-bookmarks/2" lastBookmarkId="0"/>
    <open-files xmlns="http://www.netbeans.org/ns/projectui-open-files/2">
        <group>
            <file>file:/E:/INFO5100/Project/SWAN/src/UserInterface/SupportOrganizationAdmin/SupportOrganizationAdminWorkAreaJPanel.java</file>
            <file>file:/E:/INFO5100/Project/SWAN/src/UserInterface/SupportOrganizationAdmin/Report/SupportTicketsStatusJPanel.java</file>
            <file>file:/E:/INFO5100/Project/SWAN/src/UserInterface/IT/ITWorkAreaJPanel.java</file>
            <file>file:/E:/INFO5100/Project/SWAN/src/Business/WorkQueue/HospitalWorkRequest.java</file>
            <file>file:/E:/INFO5100/Project/SWAN/src/UserInterface/EnterpriseAdmin/Reports/EmployeeStatisticsEnterpriseJPanel.java</file>
            <file>file:/E:/INFO5100/Project/SWAN/src/UserInterface/Billing/BillingWorkAreaJPanel.java</file>
            <file>file:/E:/INFO5100/Project/SWAN/src/UserInterface/OrganizationAdmin/Reports/HardWorkingEmployeesJPanel.java</file>
            <file>file:/E:/INFO5100/Project/SWAN/src/UserInterface/SupportOrganizationAdmin/BIReportsSupportOrganizationJPanel.java</file>
            <file>file:/E:/INFO5100/Project/SWAN/src/UserInterface/SupportOrganizationAdmin/Report/SupportEmployeesNotFilledTimesheetJPanel.java</file>
            <file>file:/E:/INFO5100/Project/SWAN/src/UserInterface/SystemAdmin/ManageUserAccountJPanel.java</file>
            <file>file:/E:/INFO5100/Project/SWAN/src/UserInterface/OrganizationAdmin/Reports/AppointmentTicketsStatusJPanel.java</file>
            <file>file:/E:/INFO5100/Project/SWAN/src/UserInterface/SystemAdmin/BIReportsJPanel.java</file>
            <file>file:/E:/INFO5100/Project/SWAN/src/UserInterface/MainJFrame.java</file>
            <file>file:/E:/INFO5100/Project/SWAN/src/Business/WorkQueue/PatientWorkRequest.java</file>
            <file>file:/E:/INFO5100/Project/SWAN/src/UserInterface/EnterpriseAdmin/BIReportsEnterpriseJPanel.java</file>
            <file>file:/E:/INFO5100/Project/SWAN/src/UserInterface/SystemAdmin/Reports/EmployeeHolidayJPanel.java</file>
            <file>file:/E:/INFO5100/Project/SWAN/src/UserInterface/SystemAdmin/WorldMapSWANJPanel.java</file>
            <file>file:/E:/INFO5100/Project/SWAN/src/UserInterface/SystemAdmin/OrganizationTreeStructureJPanel.java</file>
            <file>file:/E:/INFO5100/Project/SWAN/src/UserInterface/Policy/PolicyWorkAreaJPanel.java</file>
            <file>file:/E:/INFO5100/Project/SWAN/src/UserInterface/SystemAdmin/SystemAdminWorkAreaJPanel.java</file>
            <file>file:/E:/INFO5100/Project/SWAN/src/UserInterface/OrganizationAdmin/BIReportsOrganizationJPanel.java</file>
            <file>file:/E:/INFO5100/Project/SWAN/src/UserInterface/UserAccountManagement/FirstTimeLoginJPanel.java</file>
            <file>file:/E:/INFO5100/Project/SWAN/src/UserInterface/HomePageJPanel.java</file>
            <file>file:/E:/INFO5100/Project/SWAN/src/UserInterface/SystemAdmin/Reports/EmployeeStatisticsJPanel.java</file>
        </group>
    </open-files>
</project-private>
